Date,Benchmark_Nifty50,Model_Driven_Overlay,Baseline_Momentum_Overlay
2021-11-30,1.0,0.997,0.997
2021-12-01,1.0065566054638553,0.9983939148310349,1.006033844451447
2021-12-02,1.0202275746023775,1.0063761529206878,1.0185578097834738
2021-12-03,1.0081403343045112,0.9971829791784871,1.0113654472421365
2021-12-06,0.9913253115542333,0.9805913283231787,0.9913445299682498
2021-12-07,1.0067062763103574,0.992734028387897,1.0055183830908099
2021-12-08,1.0237367716817434,1.007933422905351,1.0220286981881768
2021-12-09,1.0264931202103649,1.0112929335243162,1.0258355079866852
2021-12-10,1.0261679055541717,1.0113142522837577,1.0334874195172277
2021-12-13,1.017750655884763,1.0060939225008194,1.026557412661804
2021-12-14,1.0152072652824176,1.0077525270652026,1.0232659742386994
2021-12-15,1.009124167297413,1.0032664004417886,1.0113239918680434
2021-12-16,1.0107050501265464,0.9965110435075308,1.0108177188842755
2021-12-17,0.9951633601841481,0.9766127767774955,0.9944604805872063
2021-12-20,0.9731855492855723,0.9613446235559717,0.9679087147839945
2021-12-21,0.982318440842967,0.9675181331784161,0.9816389733678351
2021-12-22,0.9930719132167289,0.9792852239800262,0.9958734773816921
2021-12-23,0.9999097558906734,0.9874605769830932,1.0112218398350135
2021-12-24,0.9958692121956605,0.9798782828486583,1.0087442957573063
2021-12-27,1.0006893571297168,0.9867433545972933,1.012399618051391
2021-12-28,1.009261873343836,0.9934127759312982,1.0208735583725388
2021-12-29,1.0081103954914168,0.9965296283567139,1.0186593664961276
2021-12-30,1.0075450641592438,0.9985973515007172,1.0191606693986388
2021-12-31,1.0162975984191278,1.0090941537813967,1.0241029236041244
2022-01-03,1.032082800130468,1.0165459880920726,1.0327217073003585
2022-01-04,1.0425433078788824,1.019379195615003,1.0307588131972876
2022-01-05,1.0495460460055435,1.0271857853854118,1.027752349464498
2022-01-06,1.0389920124240035,1.0205484563414404,1.0185341731007047
2022-01-07,1.0428956268106628,1.0236539456722458,1.0201006470703107
2022-01-10,1.053995661013819,1.0302106475837636,1.022794211269841
2022-01-11,1.0570618142693353,1.0297226143142097,1.0196418176816182
2022-01-12,1.0661903044700667,1.0330463379265267,1.0236236906620961
2022-01-13,1.0688477996188033,1.0369725216460317,1.0406322581221215
2022-01-14,1.0687277360817347,1.0314595135270932,1.0397776523887876
2022-01-17,1.0717880001588451,1.029129756998197,1.038050701754309
2022-01-18,1.060308242394458,1.020558730395352,1.0195725570565795
2022-01-19,1.0500348863212188,1.0150629826099766,1.0146001005995458
2022-01-20,1.0393624536704844,1.0037860086911483,1.0050024622954221
2022-01-21,1.031144294996502,0.9972195319033902,0.9876137881275114
2022-01-24,1.0033784557545264,0.977470598649409,0.95234312501422
2022-01-25,1.0108891504057562,0.9904110685324897,0.9573427025440331
2022-01-27,1.001023681652316,0.9828001206319311,0.9375053172627026
2022-01-28,1.000543759781682,0.9857051582319201,0.9454283620546103
2022-01-31,1.0143661235979704,0.9916733868065455,0.9537667148450772
2022-02-01,1.0281365239332125,0.9989310534262201,0.9545736179164257
2022-02-02,1.039951413396372,1.0103603417688518,0.9631748191818783
2022-02-03,1.0270151489912667,1.0021186569490947,0.9584659375367262
2022-02-04,1.0244445171512824,0.9969162848187532,0.9528926811390215
2022-02-07,1.0065862218418988,0.9812316592704462,0.943697058740741
2022-02-08,1.0096894672480166,0.9812182938250091,0.940457554464247
2022-02-09,1.0211469436661924,0.9976167877235282,0.9521815748181761
2022-02-10,1.0294192542450613,1.0042672940005521,0.9575016003119327
2022-02-11,1.015817323381293,0.9872655272676102,0.9483457837729148
2022-02-14,0.9842307979063476,0.9554710550448406,0.913939849439312
2022-02-15,1.0135710620932166,0.9882528094092284,0.942007867500377
2022-02-16,1.0118025924020593,0.9841114800491739,0.939438845187585
2022-02-17,1.0107740634864821,0.978375797880353,0.9401284700840682
2022-02-18,1.0091197556137677,0.9754759074247037,0.9359492097783884
2022-02-21,1.0050432088936576,0.9744385839726352,0.9303620983458022
2022-02-22,0.9983357652741733,0.9679471919204043,0.9271576727349523
2022-02-23,0.9966434410309518,0.967285729011072,0.9266417505101748
2022-02-24,0.9478475100302722,0.9120549877521539,0.8720242558798115
2022-02-25,0.9714942752755918,0.9388897174555997,0.8977802638034112
2022-02-28,0.9793644779913222,0.9344877556460047,0.8998410361999575
2022-03-02,0.9683419945667091,0.9201255114663811,0.9065907537990423
2022-03-03,0.9620295877171755,0.9122729402313093,0.908689584252038
2022-03-04,0.9471801323724276,0.9030967086996314,0.8819740635296592
2022-03-07,0.924629804211386,0.8795114319524002,0.8720165443711216
2022-03-08,0.9333492226123257,0.8919685254538972,0.8703664428863774
2022-03-09,0.9524963433863334,0.9068947373663553,0.8802631719597738
2022-03-10,0.9669285807984102,0.9221611241036468,0.8966639315045738
2022-03-11,0.9689976751163534,0.9309866781459292,0.8990902164676372
2022-03-14,0.9829305965343569,0.9364874367082582,0.8991348359376189
2022-03-15,0.9707193477690053,0.9336746680054285,0.8817656819549609
2022-03-16,0.9887471361254005,0.9467518776042267,0.9008989267208538
2022-03-17,1.0067378279840875,0.9611216588350684,0.9194208018184061
2022-03-21,0.9968208962774859,0.9520132990175871,0.9157620533884633
2022-03-22,1.0082792557720648,0.9517432910652772,0.9268049072398138
2022-03-23,1.0042036965241101,0.9504455983829997,0.9298437110612385
2022-03-24,1.0028693346134607,0.9486216518640213,0.9356974250392887
2022-03-25,0.9987995917228978,0.9424277674408069,0.9345807919324954
2022-03-28,1.0028093234691184,0.9452521038095922,0.9413004650065978
2022-03-29,1.0088063937437157,0.9511090677649575,0.9405325854783224
2022-03-30,1.018826837280395,0.956725972148727,0.9369980263858132
2022-03-31,1.0168744470682507,0.9532703312777203,0.9347508576761998
2022-04-01,1.0287811772884192,0.9639323848539794,0.9514434879773365
2022-04-04,1.0508386013177575,0.9812186319122389,0.9747379431147475
2022-04-05,1.0452357964636767,0.9805840312732053,0.97534369564912
2022-04-06,1.036482839495636,0.9705601518039673,0.979787416085267
2022-04-07,1.0266522373153482,0.9632786586027016,0.9680699752965859
2022-04-08,1.0350453768157932,0.9668543670346263,0.9823680642825995
2022-04-11,1.0286586330524528,0.9607390063085848,0.9905920974368194
2022-04-12,1.0202056494041987,0.9543424286101879,0.9805212638576142
2022-04-13,1.0170202091754577,0.9490316649381485,0.9814847332972382
2022-04-18,0.9992912579929815,0.9293253541617602,0.9787418527337862
2022-04-19,0.9867019828977179,0.9128907397433537,0.9719849606681227
2022-04-20,0.9969988138390589,0.9228015858046621,0.9735001699664616
2022-04-21,1.0117854537867164,0.9379611432894163,0.9824156495889238
2022-04-22,0.9988673688771462,0.9277992256922936,0.9672822329912532
2022-04-25,0.9861054456178528,0.9183939805192867,0.9501105849864006
2022-04-26,1.0003597387178078,0.9304850840648419,0.9652530679727054
2022-04-27,0.9908700295496963,0.9231192807902415,0.956933374876153
2022-04-28,1.0028155106272951,0.9304755222988067,0.9681970734050186
2022-04-29,0.9944945785298852,0.921593365388748,0.9564601990475285
2022-05-02,0.9925475247984319,0.9136006239367945,0.9587068786884416
2022-05-04,0.9695171367020368,0.8947279380068004,0.9384877347884423
2022-05-05,0.9698107087833623,0.9018220060541466,0.9395570368855721
2022-05-06,0.9539036743754582,0.8840952290581268,0.9324044305134328
2022-05-09,0.9475234887687111,0.8805444328790966,0.9128827975610372
2022-05-10,0.9439246308045096,0.8790662695276814,0.8870089200180499
2022-05-11,0.9396749757912203,0.8745251533376329,0.8836866963151383
2022-05-12,0.9185678575328357,0.8556956906933354,0.8606456935436421
2022-05-13,0.9170645645565307,0.8577875122841679,0.855664239220913
2022-05-16,0.9205530655354344,0.8661536761633469,0.8606465304900386
2022-05-17,0.9444703921898607,0.8870582374432544,0.894327965649598
2022-05-18,0.943366074616,0.8844350545915576,0.8954846085731796
2022-05-19,0.9179979506212956,0.8516236202229832,0.8756641132831612
2022-05-20,0.944143965121796,0.8718595685792505,0.9004764058985191
2022-05-23,0.9411528838440463,0.8798199609188486,0.8703365272056384
2022-05-24,0.9359407217091679,0.8746356601622763,0.8605848498859704
2022-05-25,0.9301563480273028,0.8622577924719039,0.8538165749194602
2022-05-26,0.9384971183867499,0.8745345158930137,0.8605016463506473
2022-05-27,0.9490183946792534,0.8906285759273055,0.8605079904351138
2022-05-30,0.9667811198812115,0.909478282354593,0.8706953007113309
2022-05-31,0.9623115901415378,0.9047016967601649,0.8703358526970159
2022-06-01,0.9587189277528987,0.899783267913174,0.8655500127381991
2022-06-02,0.9648066033672985,0.9015734240376744,0.8699761096646158
2022-06-03,0.9622677055402731,0.894986482243689,0.8619943959174152
2022-06-06,0.961411488303105,0.8948533874227661,0.8616840536732994
2022-06-07,0.9524809801778499,0.8843449123343472,0.8617212468572669
2022-06-08,0.9489875863245899,0.8817339384529369,0.8578184093932038
2022-06-09,0.9560310818653708,0.887881999786777,0.8635781810407086
2022-06-10,0.9398647227110566,0.8815575033210895,0.8575532686514825
2022-06-13,0.9147384379366441,0.8640304531323763,0.8435843073169342
2022-06-14,0.9122821718446302,0.8632294974353206,0.8398758816696287
2022-06-15,0.9099626269276632,0.8631640943229765,0.8378110708180292
2022-06-16,0.8905305131807723,0.8506168615458884,0.8241613591843014
2022-06-17,0.8866318930439377,0.8426941067486705,0.8158705090128495
2022-06-20,0.8899100991102271,0.8482371831452536,0.8136321916222413
2022-06-21,0.9064888767920546,0.8615659196188319,0.8294386781972372
2022-06-22,0.8933228211792712,0.8520052002364931,0.8179757561860567
2022-06-23,0.9015927256250632,0.8616407599045207,0.8311502517008308
2022-06-24,0.9098195027087617,0.8706246636825299,0.8437836939407667
2022-06-27,0.9174832886876737,0.8757138980117538,0.8512009424325568
2022-06-28,0.9185345197020995,0.8746207323678343,0.8580491617006837
2022-06-29,0.9155684071348391,0.8675624244617348,0.8605501975906957
2022-06-30,0.9144754074946525,0.867501043240684,0.858287116276628
2022-07-01,0.9128397264859769,0.8789289519155205,0.8550438320803904
2022-07-04,0.9176542758701075,0.8890818302900759,0.8615123932581674
2022-07-05,0.9162334079740841,0.8878799829962056,0.8617942659432974
2022-07-06,0.9265452651853945,0.9023674670752124,0.8748717398781141
2022-07-07,0.9348004894749273,0.9087384393849232,0.8789327475577581
2022-07-08,0.9398683475678732,0.9135650825595449,0.8836249899468601
2022-07-11,0.9396017951336616,0.9202324878590716,0.8954157032344321
2022-07-12,0.930419469458345,0.9109795818020181,0.889540649444514
2022-07-13,0.9250940821286434,0.9153221193132716,0.8876870832053838
2022-07-14,0.9234703619119267,0.9157219300304895,0.8906187448288726
2022-07-15,0.929853402517997,0.9207193285579292,0.9008002469356953
2022-07-18,0.9430444911542042,0.9259118050504832,0.9054231124088108
2022-07-19,0.9466323208070943,0.9284384783787558,0.9098304804530573
2022-07-20,0.9570201520192039,0.9348152621531839,0.9153832861969745
2022-07-21,0.9618968534962823,0.9377862981116543,0.9208228597676296
2022-07-22,0.9684894590868133,0.9431715694177655,0.9225294381578905
2022-07-25,0.9633523566565722,0.9389818728182673,0.9133776904526094
2022-07-26,0.9547907228083268,0.9281858878356459,0.9044442060372602
2022-07-27,0.9638961414038048,0.9402231105188632,0.9074354998351064
2022-07-28,0.9804230049095238,0.9477825385514868,0.9138236393115706
2022-07-29,0.993575929942719,0.9532255788921713,0.9228906831962587
2022-08-01,1.004048013979795,0.9567494221411866,0.9364413972728627
2022-08-02,1.0043605532537991,0.9601339748936266,0.9411052358938543
2022-08-03,1.0068300579810945,0.9560612352455528,0.9370166668255678
2022-08-04,1.0064738675048044,0.9630914819320464,0.9372311178141784
2022-08-05,1.0073709675769247,0.9641901834202106,0.9358972471261573
2022-08-08,1.0147324306644487,0.9672326299276313,0.9418353310831705
2022-08-10,1.0152910505497128,0.9667388761356871,0.9416761245856348
2022-08-11,1.0224599619132764,0.9706670883157706,0.9432854034117358
2022-08-12,1.0247242690095737,0.9680987118475599,0.9444443518218768
2022-08-16,1.0320570473271296,0.9753023794274824,0.9576158325328982
2022-08-17,1.0389240844251388,0.9806265108384489,0.9603789969497706
2022-08-18,1.039633084684361,0.9829920951267487,0.9622540972339435
2022-08-19,1.0281027726053549,0.9695764583457038,0.9479445662416491
2022-08-22,1.0124836825549404,0.9580183962157945,0.935735324297304
2022-08-23,1.0174958905430893,0.9640938102213377,0.9449170929819917
2022-08-24,1.0190835840416312,0.9663724558595437,0.9478317789914236
2022-08-25,1.0142967478963154,0.9630786336647468,0.9450033174674182
2022-08-26,1.01640455268757,0.9625937253159854,0.9460989582003134
2022-08-29,1.0020640447624567,0.9570416510687731,0.9404686074461004
2022-08-30,1.0275740455174287,0.973871822581591,0.9630541237024459
2022-09-01,1.0149701176959671,0.9666528059696107,0.9653030206987925
2022-09-02,1.014776188526918,0.9653552748854156,0.9648620460521395
2022-09-05,1.0220602786859767,0.9701508413906047,0.968980955252012
2022-09-06,1.0214699163139265,0.9674178561702871,0.9679561798642119
2022-09-07,1.0196632795977543,0.9629972983112681,0.9651202286311118
2022-09-08,1.0297007453861666,0.9740929814636952,0.9673965587789872
2022-09-09,1.0317004734488724,0.9845420309023372,0.9679359176245269
2022-09-12,1.0376421192996395,0.9913489311108031,0.9764715226114419
2022-09-13,1.0453482272956074,0.9938138015040735,0.9785268865293584
2022-09-14,1.0415056889056293,0.9857197651149002,0.9747343099768168
2022-09-15,1.0341706743122048,0.9817246739218997,0.9729974788338156
2022-09-16,1.0139265730427602,0.9569184045335782,0.9454768891236989
2022-09-19,1.0191991376078355,0.962081254014602,0.9487354259879316
2022-09-20,1.0303579963544602,0.9742671738379972,0.961284324503253
2022-09-21,1.0246805604661564,0.9683844943014482,0.9592396100492162
2022-09-22,1.0195468008988977,0.965502152740039,0.964839553835431
2022-09-23,1.0019040115925488,0.9489635997087781,0.9480429243642239
2022-09-26,0.9837551202130066,0.9309358784183822,0.915515522269482
2022-09-27,0.9832404316431339,0.9302764405743037,0.9150508187841387
2022-09-28,0.9746000320737165,0.9263086499082135,0.9114261489993011
2022-09-29,0.9722558997066217,0.9215549457363046,0.9142840409221951
2022-09-30,0.9880961966806494,0.9362576504152967,0.9217585392215489
2022-10-03,0.9760580439487236,0.9220126263014308,0.9010141639838523
2022-10-04,0.998170731922017,0.9454292207368346,0.9242398485826678
2022-10-06,1.0014877695143571,0.9540546529113536,0.9341354999462124
2022-10-07,1.0004962735731981,0.9504124846782763,0.9299619741591127
2022-10-10,0.996231439769549,0.9513642577929088,0.9250521957528252
2022-10-11,0.9812431440657773,0.9367132649358576,0.9096707252082682
2022-10-12,0.9893014381886284,0.9452574156506959,0.9179443089854536
2022-10-13,0.9829693910930783,0.9382068520265073,0.9132361579668243
2022-10-14,0.9928192501617247,0.9466178626983347,0.9174341813325613
2022-10-17,1.0000775509861768,0.9543740605605555,0.9194190528224558
2022-10-18,1.0101447803882868,0.9651546357239714,0.9296168066982125
2022-10-19,1.0116052398926099,0.9623868512225467,0.9291772631779265
2022-10-20,1.0145872755534069,0.9646438371236109,0.9333343206515257
2022-10-21,1.0153005168457592,0.9681486297385733,0.9356421269735221
2022-10-24,1.0241833529033029,0.976990403128897,0.9413836651962786
2022-10-25,1.0198767126504185,0.9816966704615927,0.9380003193497024
2022-10-27,1.0245217618246325,0.9820490366646594,0.9491535051493563
2022-10-28,1.0273972490223273,0.9819648620894361,0.9420671179823951
2022-10-31,1.0403348615109964,0.9918949778510698,0.9457911009583482
2022-11-01,1.0479998863504185,0.9995466698906238,0.9539097360254664
2022-11-02,1.0443809824960726,0.9975303421279692,0.9524952473414726
2022-11-03,1.0426381833461005,0.9974377591148234,0.951972021804277
2022-11-04,1.0463539479736768,0.993947123104243,0.9649627634997786
2022-11-07,1.051289020164992,0.9968621638880891,0.977462175466458
2022-11-09,1.0486404971876668,0.9912856806201998,0.972674580271818
2022-11-10,1.041175219193674,0.9808996388663895,0.962565920490593
2022-11-11,1.059579061241474,0.9848853981827966,0.9721308225702457
2022-11-14,1.0583918315151266,0.9852880641484543,0.9779700624769343
2022-11-15,1.062670635946104,0.9901273749787991,0.9838864812499174
2022-11-16,1.0630314694764704,0.989171173458959,0.977473051114202
2022-11-17,1.0592280604346866,0.9827718091231867,0.9721137527740572
2022-11-18,1.0571328132272753,0.9765206721428177,0.9675434907453908
2022-11-21,1.0485695619685316,0.9721135683168433,0.9622358781577477
2022-11-22,1.05342297275313,0.9752720545572495,0.9671448876595305
2022-11-23,1.054753088443104,0.9791203012836543,0.9686406201852951
2022-11-24,1.067200274848874,0.9838435655644576,0.9739287055010682
2022-11-25,1.068853156712298,0.9880406252055743,0.9767945718137803
2022-11-28,1.0717360680815167,0.9909537972107009,0.9752910774771355
2022-11-29,1.0749241589411858,0.9928436116907152,0.978167702718541
2022-11-30,1.0829940269093772,0.9992931184932088,0.9889561316151059
2022-12-01,1.0861158402736788,0.9977083724620437,1.0020102288605632
2022-12-02,1.079374734754818,0.9940543470803928,1.0015443376866433
2022-12-05,1.079660541015707,0.9949259665401219,1.0077720832050205
2022-12-06,1.0762894270504315,0.9919495891202826,0.9988322078262655
2022-12-07,1.0715304369296914,0.9926267884614505,0.992771327526237
2022-12-08,1.074346906405006,0.9930886395254187,0.9981254917021463
2022-12-09,1.067817873241421,0.9973870096353123,0.9840458270647015
2022-12-12,1.0678496696428692,0.997927591343595,0.9845856057037413
2022-12-13,1.0742299737059462,1.0002642605402792,0.9907062529724031
2022-12-14,1.077245034901217,1.0018499499462963,0.999340543195312
2022-12-15,1.0629842781320615,0.9929377841125345,0.9832591144450443
2022-12-16,1.0545287629049254,0.9845010337627489,0.974283023544162
2022-12-19,1.0632347243081588,0.9909883593921954,0.9781940607727501
2022-12-20,1.061204006248312,0.987776681178648,0.9788051101255887
2022-12-21,1.0504016350906336,0.986915345291715,0.9672419649317041
2022-12-22,1.0462522388823539,0.9831422649103685,0.9619932482351707
2022-12-23,1.0275856600633801,0.9689530060815532,0.9357592074689159
2022-12-26,1.039507778622365,0.973602241198984,0.9445171432152466
2022-12-27,1.0462774720023518,0.9775807325060434,0.9688537890231308
2022-12-28,1.0457117904010895,0.9757391040196007,0.9671308506386262
2022-12-29,1.049656953638175,0.9786170587524792,0.9749377754184756
2022-12-30,1.04470025303197,0.9731805148929262,0.9739502091638197
2023-01-02,1.0500038569037546,0.9737804337608598,0.98468332812883
2023-01-03,1.0520272874507919,0.9764544660684616,0.9871775365418326
2023-01-04,1.0410299016728124,0.970297425162282,0.9733745429907121
2023-01-05,1.0380948114606423,0.9759525692177905,0.9716844384753777
2023-01-06,1.0304099645579072,0.9702979680733964,0.958848808187825
2023-01-09,1.0442642954704717,0.9790293732160072,0.9752749943429504
2023-01-10,1.0334172443610221,0.9732996686529413,0.9656623847916649
2023-01-11,1.0323522993199397,0.9691496686503408,0.9707835144863777
2023-01-12,1.0301867606172006,0.9665726147145853,0.9706230658277918
2023-01-13,1.0358476068623248,0.9686315143643641,0.9793160374919136
2023-01-16,1.0322793464784692,0.9672113949666638,0.9771236798292421
2023-01-17,1.0413795048823444,0.9712916162212765,0.9809153827069158
2023-01-18,1.047822910374162,0.9764751102911396,0.9893229129598321
2023-01-19,1.0445009057475951,0.9717583619821674,0.9866365871483794
2023-01-20,1.0398645623088554,0.9676151973470503,0.9838893776204437
2023-01-23,1.0450946717593963,0.9754962563744382,0.9911049165594029
2023-01-24,1.045080251429998,0.9720860343364834,0.9900027672075471
2023-01-25,1.0319418442590025,0.9594722564708333,0.9778458005974894
2023-01-27,1.015219392867392,0.9525127774287292,0.9488020349464894
2023-01-30,1.0177881404180251,0.9503269406146866,0.951729993045347
2023-01-31,1.0185491474072492,0.950953167596408,0.9529372066780545
2023-02-01,1.0159016328321973,0.9532845850242273,0.9448144051949522
2023-02-02,1.0155613105012986,0.9603837557271906,0.9435901121672456
2023-02-03,1.0295158929114878,0.964059999489284,0.9439554372710333
2023-02-06,1.0243449167133478,0.9650991031755708,0.9367950730229156
2023-02-07,1.0218566811523793,0.9622143286391441,0.9313140714550736
2023-02-08,1.0304809683534566,0.9670048825719855,0.9476424669336827
2023-02-09,1.0317343093741893,0.9649939948760332,0.9441336503290098
2023-02-10,1.0296016187776345,0.9643808835014147,0.9358570850680531
2023-02-13,1.0246540972070748,0.9608333098158963,0.926331380971964
2023-02-14,1.0337782217373488,0.9664379345785123,0.9356572185044821
2023-02-15,1.038724855055615,0.9655212543108328,0.9394001632034169
2023-02-16,1.0398773388321065,0.9660766069780915,0.9479675171528557
2023-02-17,1.0345796600606463,0.9573883210622894,0.9402766487599374
2023-02-20,1.0288212105228576,0.9506200450835032,0.9387395147313398
2023-02-21,1.0277886547313664,0.9498094102304028,0.935296563084348
2023-02-22,1.011962445438531,0.9427922975415053,0.9225560127054795
2023-02-23,1.0094776251639237,0.9430266703313405,0.9243209314245248
2023-02-24,1.0068541909860007,0.94194625672078,0.9130346707014421
2023-02-27,1.0026312483770146,0.940293385516876,0.8974534004565659
2023-02-28,0.9975020084436095,0.9351794638346894,0.8899156817966728
2023-03-01,1.0059373758401864,0.939793419671481,0.897752206421746
2023-03-02,0.9984736965346529,0.9357081040236693,0.8898247045139718
2023-03-03,1.0140560628972513,0.9468380872979959,0.8957407227288394
2023-03-06,1.020782776820773,0.9492795015784603,0.9031293089374494
2023-03-08,1.023255230655199,0.9506361945553429,0.9056650136508301
2023-03-09,1.0137127632744412,0.9436256230912133,0.8937604692979702
2023-03-10,1.0034778500581292,0.9377629512065758,0.8913463120251305
2023-03-13,0.988463396328568,0.9256070923205358,0.8792883046617568
2023-03-14,0.9820465824411775,0.9227829329974675,0.8702473421399768
2023-03-15,0.9779382671050905,0.9191857103521522,0.8664318640989215
2023-03-16,0.9787129065535816,0.9261580161318772,0.8682324821089746
2023-03-17,0.9852854823310038,0.9272649624109083,0.8695172093612263
2023-03-20,0.9788312200471285,0.927510488554663,0.8649203095122344
2023-03-21,0.9856695137285851,0.9288267682449266,0.8604138866787678
2023-03-22,0.988224382491042,0.9341866533902143,0.8635997169746208
2023-03-23,0.9838937050726596,0.9329776601918003,0.8624723422893846
2023-03-24,0.9762676492077379,0.9291312789636155,0.858315771913181
2023-03-27,0.9786067530298643,0.9336307780182348,0.8574060941106233
2023-03-28,0.9766459285549931,0.9334652108621266,0.8511736532395939
2023-03-29,0.984049927918286,0.940551977304641,0.8614832200859641
2023-03-31,0.9999966369026682,0.9474555628787013,0.8743706507609417
2023-04-03,1.0022004971632228,0.9529797632582792,0.8769466347600925
2023-04-05,1.0113179633386602,0.9564724880481322,0.8827843143975201
2023-04-06,1.0137400743826754,0.9573183293788522,0.8816602737235827
2023-04-10,1.0151733642149183,0.9625186716993346,0.8866566821626283
2023-04-11,1.0208170041101003,0.9657736562953455,0.8881394039585873
2023-04-12,1.0259936572059638,0.9736829846433532,0.8930390931770534
2023-04-13,1.0268918009484744,0.9723412812344849,0.8883614849198119
2023-04-17,1.0198897268600928,0.9596455323757287,0.8788886626971503
2023-04-18,1.0171963640566073,0.9617604856476669,0.8798503749386615
2023-04-19,1.0148089684360206,0.9551441249188675,0.8738451127233682
2023-04-20,1.0151371803168487,0.9561434960408636,0.8729227308673199
2023-04-21,1.0151142307603966,0.9539202755989562,0.8745282769488217
2023-04-24,1.0219653858640831,0.959934833737451,0.878183062243434
2023-04-25,1.023453160524347,0.9602032963716673,0.8788129718814657
2023-04-26,1.0260043767357965,0.9639617707602779,0.8832978088813643
2023-04-27,1.0318310522457517,0.9711133404283594,0.8885080734604323
2023-04-28,1.040431549053611,0.979908305597424,0.8959838792744693
2023-05-02,1.0451808409356869,0.9868307523764214,0.897602571382601
2023-05-03,1.0418465976580165,0.9831010779845636,0.9006516783338486
2023-05-04,1.0513606310258523,0.987896306023764,0.9007062786358986
2023-05-05,1.0405472630620576,0.9794665081855546,0.9018008446431723
2023-05-08,1.051739460859888,0.9923391402888713,0.9142046913388949
2023-05-09,1.0518286449862677,0.9956577001612444,0.9119728143961074
2023-05-10,1.0546551259941812,0.9987582244740904,0.9185610468558539
2023-05-11,1.0536123643080413,1.0012644365329968,0.9225805533651825
2023-05-12,1.054636904172074,1.0053945820032069,0.9244043033966536
2023-05-15,1.059465688550859,1.0114907253951828,0.9430541070395845
2023-05-16,1.0529763989758802,1.0076578201525668,0.9392483223033516
2023-05-17,1.0469273244447914,1.0031146944832634,0.9354940664271388
2023-05-18,1.043940315228838,0.9999662235313149,0.921796846686232
2023-05-19,1.048161161630465,1.0088054672731952,0.9264914061011031
2023-05-22,1.0545331908748419,1.0170708882308108,0.9303943177119669
2023-05-23,1.0564660655818217,1.0182815586916225,0.932629240586761
2023-05-24,1.0528554574105933,1.0165097154927227,0.9342440589690026
2023-05-25,1.0549118977889074,1.0179470490646008,0.9404846929543454
2023-05-26,1.0651228370071166,1.0279581333113208,0.9512188654996171
2023-05-29,1.0708249116442574,1.0310401862029241,0.9571493127789081
2023-05-30,1.0728496057441541,1.0316681243269172,0.9574305312591656
2023-05-31,1.0671084524889007,1.0300465864060155,0.959116118300305
2023-06-01,1.0644191947353911,1.030284821259823,0.9598372570587024
2023-06-02,1.067084401373292,1.033216179821345,0.9672229645731144
2023-06-05,1.0705189216937048,1.037767026993687,0.9680866768320538
2023-06-06,1.0708154082878394,1.0354550391851596,0.9722302504869039
2023-06-07,1.0781253275203457,1.0411130151522199,0.9817439979967872
2023-06-08,1.0728243067173289,1.0320196796082692,0.9714549647157227
2023-06-09,1.0687202117776886,1.0275736742247763,0.9685579674975822
2023-06-12,1.0709114102706667,1.0334826330373277,0.9733216221427785
2023-06-13,1.0774917172586078,1.0355563621827437,0.98837779736495
2023-06-14,1.079777704330753,1.0348815067991137,0.9905548364459152
2023-06-15,1.0758673394155907,1.0293053367270597,0.9857075206405725
2023-06-16,1.0837770691532365,1.033279810983229,0.9912048676218224
2023-06-19,1.0797079653618646,1.0301755995094244,0.9845039227531146
2023-06-20,1.083228241641592,1.0364095936671192,0.987352178436582
2023-06-21,1.0855371323544172,1.0380860823103477,0.9855049777911914
2023-06-22,1.080598178979168,1.0326825034848086,0.9794772371528884
2023-06-23,1.0744932921303643,1.0252214085172857,0.9749523760134253
2023-06-26,1.0759716691333399,1.0297068280567512,0.9783619839971409
2023-06-27,1.0832121099583925,1.036258345764931,0.9857179029428685
2023-06-28,1.092080869970747,1.0409682723523728,0.990650641355394
2023-06-30,1.1044982512451893,1.0598995355132066,0.9934346986127642
2023-07-03,1.112155741517107,1.0605194251563992,0.9913030598160337
2023-07-04,1.1159738242982657,1.0636016093846292,0.9906172343446491
2023-07-05,1.116520482450651,1.0695352077833307,1.0001752183479953
2023-07-06,1.122192731433374,1.0745647523739656,1.013733585087886
2023-07-07,1.1126265033074636,1.0693634307980695,1.0081968344967298
2023-07-10,1.1140126734217912,1.0622101647309767,1.0028383545401316
2023-07-11,1.1188081099822063,1.0677597281321898,1.0108967539231841
2023-07-12,1.1156324245450118,1.0643423777309928,1.0127041348171888
2023-07-13,1.1173260410521837,1.0685381007109487,1.0126132277576039
2023-07-14,1.1259686938401183,1.0865522312358897,1.019413601883665
2023-07-17,1.1343942568250431,1.0915862186261789,1.0208646000340371
2023-07-18,1.1365676092044432,1.094812449110362,1.0167803337865224
2023-07-19,1.1413858419672023,1.0966634805873996,1.0192816746433337
2023-07-20,1.1497572787688102,1.0998562045339018,1.0257134556517207
2023-07-21,1.1362028424245683,1.0839599491631429,1.025279317469806
2023-07-24,1.1320145509935158,1.0830606489110413,1.0279308608654405
2023-07-25,1.1324891848071392,1.0848558282977812,1.031011375720712
2023-07-26,1.1380973363525781,1.0869889171767817,1.0372800110865066
2023-07-27,1.131263780559894,1.0788660955697815,1.0507157953143575
2023-07-28,1.1304665698759075,1.0733179198157987,1.0572873578710815
2023-07-31,1.136649744265808,1.0839286012601383,1.0641931685191495
2023-08-01,1.135483945171752,1.0873416994426806,1.0576255837262063
2023-08-02,1.1235100915451544,1.0735694081449243,1.045079697676964
2023-08-03,1.1151417887776167,1.0677086593365763,1.041333305969979
2023-08-04,1.122902192448625,1.0749108055026473,1.0437379530629722
2023-08-07,1.12751278490205,1.0800503846582736,1.0525769598929997
2023-08-08,1.1259899129409727,1.080495451601846,1.0531254460076866
2023-08-09,1.129534246025378,1.0844970123729056,1.0546567796895265
2023-08-10,1.1243760247034786,1.0799347010146003,1.05018291949102
2023-08-11,1.117751811969975,1.0750379209611916,1.0421899492987354
2023-08-14,1.1181113300497947,1.0754083795588163,1.0376118493457518
2023-08-16,1.1198617679209406,1.0786156599407732,1.0456914541964726
2023-08-17,1.1141081888390831,1.075810275812544,1.0446189799776335
2023-08-18,1.1109337178876006,1.0700006764467198,1.0399205074387932
2023-08-21,1.1157242973274966,1.075922318196847,1.0455435240273026
2023-08-22,1.115888224856301,1.077304605065192,1.0474009033490848
2023-08-23,1.1186204992999056,1.0812733411137838,1.0482146121656022
2023-08-24,1.1153190972470197,1.082693930384208,1.0460024325454822
2023-08-25,1.108342018098074,1.0759996778659089,1.0353795468056501
2023-08-28,1.110655144412402,1.0790856390897232,1.0442248704440604
2023-08-29,1.112758685041424,1.0825706320463677,1.0514516123863626
2023-08-30,1.1130347214308576,1.0854947790370344,1.0587086613062098
2023-08-31,1.107634162275769,1.0796893937715297,1.0580029478866984
2023-09-01,1.1180266018587497,1.0823570220864802,1.069339098797753
2023-09-04,1.1233923453883685,1.0840045581767919,1.0824214947803308
2023-09-05,1.1260410958000826,1.090235169517218,1.0918279640873985
2023-09-06,1.1281187198364393,1.0961102093604198,1.0886900701313353
2023-09-07,1.1347719209622358,1.0972902857461824,1.0927283257248235
2023-09-08,1.1401032347043818,1.0976903147388979,1.0988886509070246
2023-09-11,1.150205427912661,1.1056959612999042,1.1101002025212
2023-09-12,1.1500242007415324,1.1044418829552023,1.0883285008865018
2023-09-13,1.154433377591459,1.1116398310109437,1.0951307693163082
2023-09-14,1.15633571038957,1.1127721038186307,1.1065238636073618
2023-09-15,1.1614580322852648,1.115108711995872,1.1067374624196704
2023-09-18,1.15805658511324,1.1133316149421177,1.0956290648157816
2023-09-20,1.1446403851548521,1.1055027594362152,1.0843054363572087
2023-09-21,1.1354557381767592,1.093807247416837,1.074330421307918
2023-09-22,1.1315323064280052,1.0875539202532707,1.0639794721328366
2023-09-25,1.131549605237361,1.0877961073469362,1.0677241160910882
2023-09-26,1.1309828668327966,1.087674303738286,1.0690742442742833
2023-09-27,1.1339552736502665,1.0945665800666178,1.0759999132598361
2023-09-28,1.1228064478350277,1.0818613610330163,1.0657756375301888
2023-09-29,1.1293864435955006,1.0955460942864106,1.0828611845060039
2023-10-03,1.1230686082002663,1.0886591174347389,1.0765568310820566
2023-10-04,1.1177277462493709,1.08077634085415,1.062097979166452
2023-10-05,1.1240157807297686,1.0813591024493316,1.0613824878559146
2023-10-06,1.1301951339270095,1.086470981879638,1.0751994509741456
2023-10-09,1.1220488443971681,1.0814628993773354,1.0682827982765313
2023-10-10,1.1322097555137383,1.087502032400964,1.0860700501086191
2023-10-11,1.1391748057827142,1.0935929056206588,1.09414974096966
2023-10-12,1.1381767467149697,1.0952598186353444,1.0960601307001487
2023-10-13,1.135704436257614,1.0949667480542846,1.0991268502272684
2023-10-16,1.134594080142994,1.0919407499589084,1.0969375964650772
2023-10-17,1.1391705375950083,1.0964044348191548,1.101561138434924
2023-10-18,1.1310687072083978,1.0933968413444015,1.099175043706194
2023-10-19,1.128397579210244,1.0914176888424312,1.0943688647507057
2023-10-20,1.1236699764806555,1.082341690552368,1.084611187105224
2023-10-23,1.1085676003486518,1.0700851893899037,1.063917841352672
2023-10-25,1.099353537571159,1.0633362182954254,1.056213247521173
2023-10-26,1.0840176501619916,1.0531769863769083,1.0445236110271796
2023-10-27,1.094885229398107,1.062582683805029,1.0597059618479965
2023-10-30,1.1002553053994442,1.064115744637951,1.0722712636338894
2023-10-31,1.0967259655096588,1.0566293488309857,1.0695038155257015
2023-11-01,1.0915144367137284,1.0509035986124842,1.0704022298253937
2023-11-02,1.099766149693295,1.058714841545326,1.0846162545126297
2023-11-03,1.105347551766382,1.0655786234858657,1.0981971680961307
2023-11-06,1.1157110834674195,1.0730675751243164,1.1077599697268783
2023-11-07,1.1154207466422241,1.0734959072081778,1.1022362053520645
2023-11-08,1.1175339078615554,1.0738061392607792,1.1087521412668802
2023-11-09,1.1147601719142977,1.074649218143846,1.1139428519737598
2023-11-10,1.116485915463633,1.0733428275673056,1.1122724157240507
2023-11-13,1.117531551091319,1.0756083816322246,1.1147738617304512
2023-11-15,1.1307812178160679,1.0934550270045802,1.1414699856689718
2023-11-16,1.1359275728327993,1.1058434292799395,1.158241429659331
2023-11-17,1.1340065046459447,1.102603836287404,1.1618029988222658
2023-11-20,1.1318319720249734,1.101998409348155,1.1602045871793756
2023-11-21,1.1369582666844298,1.1040311202818023,1.1657621908529756
2023-11-22,1.138592077810996,1.107154004226925,1.1684898012741063
2023-11-23,1.138025877477244,1.1073680800482366,1.1715634576540537
2023-11-24,1.1376062223925336,1.1055194896774916,1.1689235581477977
2023-11-28,1.143052836267356,1.1106828841552594,1.1755995580293903
2023-11-29,1.1548818975156738,1.1279973262431664,1.1859067555974192
2023-11-30,1.1569804363940157,1.1239555915233905,1.1904324871976733
2023-12-01,1.164698240208367,1.1330371951547689,1.197801930256415
2023-12-04,1.1885250317269154,1.148459327989261,1.2206144067655054
2023-12-05,1.198155234607393,1.15235210703339,1.2340963391559505
2023-12-06,1.202891327235116,1.1533685625669032,1.2391321267878783
2023-12-07,1.2007897264518326,1.152919563462938,1.2474804999431621
2023-12-08,1.2047043619120563,1.1494245344542613,1.243592265723093
2023-12-11,1.2062946481877945,1.149340031194105,1.2506658903351267
2023-12-12,1.2010726427212286,1.1447579072297773,1.2348765585976227
2023-12-13,1.2022181788239523,1.1516398474645333,1.2485645121843472
2023-12-14,1.2168559812164015,1.1581714100426788,1.2707828661493294
2023-12-15,1.2324924162039532,1.1608122159440826,1.274211860809384
2023-12-18,1.2303077213691447,1.1610054122838986,1.270053075059727
2023-12-19,1.2322849277554118,1.167832647129873,1.2712523925610553
2023-12-20,1.214759220270787,1.1566189351067817,1.2395542488399685
2023-12-21,1.2207692838070756,1.1640474819564521,1.250926560046203
2023-12-22,1.226176197412798,1.1670292292726343,1.268250833836251
2023-12-26,1.23144584643428,1.1756020599144446,1.2789892107024143
2023-12-27,1.2436415288707534,1.1842281876573497,1.2878401197336262
2023-12-28,1.2507396901794223,1.1962049131996848,1.3027231899438874
2023-12-29,1.2480203884325038,1.1971272067588583,1.304894283576107
2024-01-01,1.248623251067632,1.1972864722477365,1.304894283576107
2024-01-02,1.2442452335064613,1.2046282190526656,1.3078787466590704
2024-01-03,1.2356904898635284,1.2066228281461888,1.3063521282915647
2024-01-04,1.2437756348362647,1.2149469048865715,1.3402037246579024
2024-01-05,1.246769754028939,1.2131087217208862,1.341533689974423
2024-01-08,1.2353587374855324,1.1962722564534336,1.3340072944092087
2024-01-09,1.2371863113546322,1.1972926899723664,1.3496699697278192
2024-01-10,1.2414197823017121,1.1979827383619952,1.3548044280739597
2024-01-11,1.2430552721535642,1.1972912958553696,1.3600790720280551
2024-01-12,1.2571784973990754,1.200629044395539,1.3719665902465472
2024-01-15,1.2687752132335444,1.2095586761533306,1.3773788633807145
2024-01-16,1.2650290427825037,1.2053454421588767,1.3707482494779386
2024-01-17,1.2383169798724873,1.1803604523105646,1.34538904086292
2024-01-18,1.2320037358963605,1.1792513147870036,1.341328448844232
2024-01-19,1.2411627652255053,1.185225878977276,1.3556419599617986
2024-01-23,1.2189458300259894,1.1704451759201964,1.3043496707588775
2024-01-24,1.2312315933392188,1.1826406384723898,1.3252515003942777
2024-01-25,1.2254014071823105,1.1710062096821618,1.3327059009440698
2024-01-29,1.2472992913845469,1.1774785041966398,1.3677420308150767
2024-01-30,1.2348722414690436,1.1693604677952416,1.3628899911441659
2024-01-31,1.2464992546452311,1.1885772363569693,1.3837360652462463
2024-02-01,1.2448773727606215,1.1890611827733315,1.3766441104588478
2024-02-02,1.2538157779067243,1.189430703966292,1.4060228565077437
2024-02-05,1.2490965033547201,1.1921577425013627,1.416348540937097
2024-02-06,1.2581116008780258,1.1945518805168716,1.4286302302261098
2024-02-07,1.258174684984423,1.1985063912529785,1.4422545256873278
2024-02-08,1.2459209563461948,1.1821504502168767,1.4407455382304413
2024-02-09,1.2496186298913745,1.191236589380571,1.429378710046209
2024-02-12,1.2400330994609712,1.1814981437587928,1.3918484959495447
2024-02-13,1.2473086639242987,1.189705551767698,1.3859806675715476
2024-02-14,1.252849348062695,1.1926340705118463,1.4100334881498418
2024-02-15,1.2568984418226739,1.1911171498862239,1.4249028693883294
2024-02-16,1.2643308905546369,1.200435230696345,1.4329523814479919
2024-02-19,1.2690002928885886,1.205256146047499,1.4329523814479919
2024-02-20,1.273278051598493,1.2118288672487976,1.4373071764492213
2024-02-21,1.2651122382891289,1.2096318261293912,1.4399154362813436
2024-02-22,1.274393538068735,1.2138249984555711,1.451797857488237
2024-02-23,1.2741210487999943,1.2139666196893668,1.4549712311533698
2024-02-26,1.2689108133433105,1.2098175038649155,1.4531005508528443
2024-02-27,1.2732797496725736,1.212122670853403,1.4587707460958996
2024-02-28,1.259021058242489,1.2004812828867801,1.427855787199483
2024-02-29,1.2608350774294372,1.204545715264768,1.4309591563049147
2024-03-01,1.2810872076911592,1.2122855508578705,1.4403730543073912
2024-03-04,1.2849151879334682,1.2166533301893703,1.4583628149676098
2024-03-05,1.28208488635715,1.2146887434201494,1.4635244804742396
2024-03-06,1.2888198700131652,1.2222308420785384,1.4576909264934845
2024-03-07,1.2899376520681265,1.2262417929926657,1.456545704146823
2024-03-11,1.2806773374287341,1.2196450135722905,1.446011164985909
2024-03-12,1.2808521621144728,1.2106623948515443,1.4185517049939238
2024-03-13,1.2613212245149037,1.201360676528431,1.3580781172087375
2024-03-14,1.2698331173919684,1.2088825639307763,1.3757710798539466
2024-03-15,1.2627436076737093,1.2034365043282023,1.3636570511955441
2024-03-18,1.2645970628125547,1.2034914670064385,1.3710314361274916
2024-03-19,1.250862319688972,1.1842522749174138,1.3511041552756848
2024-03-20,1.2521029885364414,1.184558793155678,1.3576044785430597
2024-03-21,1.2619739785881143,1.195024270889509,1.3847231793177965
2024-03-22,1.2668263779128381,1.2047638920077894,1.3995151582983816
2024-03-26,1.2615380017163065,1.2017100817062183,1.4068201083691971
2024-03-27,1.2683391528335948,1.2013514996946724,1.412946949146463
2024-03-28,1.2799381870370223,1.2072438053173538,1.4223523816374248
2024-04-01,1.2876597284019429,1.2121272496002982,1.4474925881633949
2024-04-02,1.287160939187659,1.213272728974571,1.45994549951766
2024-04-03,1.2860913401051541,1.215774134132259,1.446026036291606
2024-04-04,1.2906692718663422,1.2256446101315228,1.4458772552062609
2024-04-05,1.2906147440712015,1.2262729105332177,1.4506385479664656
2024-04-08,1.2993332290423412,1.2336268607363923,1.4734714144256718
2024-04-09,1.2979824916123495,1.2337828489833067,1.4713658769262157
2024-04-10,1.3043328532491658,1.238171490356789,1.479159524067481
2024-04-12,1.290826458547444,1.2288507450725397,1.467272631786036
2024-04-15,1.276595814972557,1.212365394934133,1.4565241287809074
2024-04-16,1.2694340714649541,1.1997847181811294,1.4558340531697394
2024-04-18,1.2606890416179553,1.1919877520183033,1.4448109308146297
2024-04-19,1.2693225751351638,1.1963151854767993,1.4434087214328792
2024-04-22,1.2801316249036707,1.205005365487978,1.4540395744382977
2024-04-23,1.2819413646912194,1.2093528729337333,1.4671368225237735
2024-04-24,1.283911384704338,1.2075996379807594,1.4725240065712872
2024-04-25,1.2935008768493257,1.2165547570647726,1.4827505651527972
2024-04-26,1.2848526230293682,1.214293977204044,1.4840123025208771
2024-04-29,1.2975948705491895,1.2227894625864708,1.48302891768756
2024-04-30,1.295383810094509,1.2252836207706868,1.496221553798574
2024-05-02,1.2978656052791022,1.2285225656840515,1.5071164547660747
2024-05-03,1.2879512592199522,1.2188267398600043,1.497484511089833
2024-05-06,1.286050214051993,1.2221200907374237,1.5060591325734236
2024-05-07,1.2779910779447134,1.2126013637022877,1.4668014597020016
2024-05-08,1.2779910779447134,1.2149661251148716,1.48466910114329
2024-05-09,1.2580671804299322,1.2120075171966427,1.4629525822380944
2024-05-10,1.2636524948836432,1.211926663531574,1.4728552762042677
2024-05-13,1.2664483496146262,1.2096083986552326,1.4769292637529872
2024-05-14,1.2729517104134298,1.2184156902640773,1.5036765758125665
2024-05-15,1.2719602035707918,1.2148405022475914,1.5078341655205534
2024-05-16,1.283555015166834,1.2262281870624459,1.520293273193989
2024-05-17,1.2871164790128125,1.2309739741323966,1.545579564594117
2024-05-21,1.2907180024150522,1.2315707945133851,1.5733168271620652
2024-05-22,1.2946507798301135,1.2316279978013973,1.5767589046393058
2024-05-23,1.3156683090735863,1.2543755664526166,1.5964754660048255
2024-05-24,1.3150637841160933,1.2541590255092752,1.592257021280324
2024-05-27,1.313650963989462,1.258655590798307,1.5931062652303887
2024-05-28,1.31111091794481,1.2549440720722862,1.5773114688290935
2024-05-29,1.300559871696867,1.244267360123785,1.572733606438082
2024-05-30,1.2881250077557238,1.2315710230972723,1.547783244981783
2024-05-31,1.2905312692088688,1.2279086464906015,1.5681582398397023
2024-06-03,1.331859282160441,1.255732054047581,1.628188334387407
2024-06-04,1.2504504544028485,1.2043586218666444,1.4938652666088705
2024-06-05,1.2918044798280137,1.250072530565459,1.5570313804493752
2024-06-06,1.303235377386852,1.2656389928003637,1.5906086487900812
2024-06-07,1.3297325398992315,1.2946159518845242,1.6258375125497058
2024-06-10,1.3279642322085419,1.2864941485537182,1.6309293332637034
2024-06-11,1.3282867972850518,1.2894633439447996,1.6411694248127227
2024-06-12,1.3315998099625939,1.291071776362667,1.6433786963840438
2024-06-13,1.3359291186679727,1.298035197958375,1.6594028370013096
2024-06-14,1.3397318046535083,1.3011704160578206,1.6750707145204091
2024-06-18,1.3449912366841816,1.3074009836019707,1.6840746815243761
2024-06-19,1.342596887687405,1.3114544093332459,1.6539309481117446
2024-06-20,1.3455054732937526,1.3128701227402746,1.6724256316425163
2024-06-21,1.3417377667173838,1.3120812153841126,1.6666452436580803
2024-06-24,1.3438342792363993,1.3155129997199455,1.6695576450208496
2024-06-25,1.3542673576803266,1.3255825964379218,1.6545263407799684
2024-06-26,1.3626621737588325,1.3234783476131138,1.6334144559654111
2024-06-27,1.372656048053187,1.3348609883916154,1.6398512378110859
2024-06-28,1.3707193718494006,1.331470019158169,1.6455465359006627
2024-07-01,1.3781974350046842,1.3442534694154211,1.6501976467549235
2024-07-02,1.377163790602638,1.3425412486674486,1.6478891167512932
2024-07-03,1.386417889082198,1.3514807129017825,1.6566508271162501
2024-07-04,1.3873110187373565,1.3598180376667763,1.6632740196604272
2024-07-05,1.3885491862719308,1.3565248438130866,1.665673524391765
2024-07-08,1.3883608568823667,1.3523040052237314,1.655029915195879
2024-07-09,1.3947766488791828,1.3625891437251914,1.6737222658510855
2024-07-10,1.3885547650535741,1.3453441550043457,1.6531031147890944
2024-07-11,1.3880694599984247,1.3458578588712877,1.643881965907617
2024-07-12,1.3986582135768524,1.3638052079744958,1.632294714940747
2024-07-15,1.4034762132155618,1.368972333537296,1.6466646503667088
2024-07-16,1.4049767315104147,1.3722803354986752,1.6566132577580612
2024-07-18,1.4156589837004463,1.3859547522193956,1.6520467211155772
2024-07-19,1.4001655195045473,1.370606048137563,1.6033332755959333
2024-07-22,1.398929220995471,1.3742436745732354,1.612278096904074
2024-07-23,1.3972044591956783,1.3742252517697877,1.5962990280262808
2024-07-24,1.3934579621412433,1.3707010847543075,1.6003929720413683
2024-07-25,1.3930355033992277,1.3719037601494903,1.5957187668769965
2024-07-26,1.4172949490887055,1.3969437155408069,1.630384496228672
2024-07-29,1.4173662832876526,1.3992625009245165,1.6432733863158113
2024-07-30,1.4185756924956694,1.4023229994517927,1.6498847798247447
2024-07-31,1.423921489404794,1.3998784786358491,1.6500216203992748
2024-08-01,1.4273272483046628,1.4009406443651453,1.6448240259619886
2024-08-02,1.4104959329397126,1.3981784587896795,1.6114497718468332
2024-08-05,1.3721984955615123,1.3782911574034962,1.5704835558072514
2024-08-06,1.3685972931821109,1.3750911130786616,1.5695321991387385
2024-08-07,1.3858827677894496,1.3937841289422161,1.592105365043675
2024-08-08,1.3755489628920579,1.3936675660902762,1.5790785439996815
2024-08-09,1.3897629109065182,1.3995502971801081,1.5971262037400022
2024-08-12,1.3885932328289294,1.3966461185881784,1.5924009225988929
2024-08-13,1.3766793127599106,1.3881282663336427,1.5868294359716753
2024-08-14,1.3769501849350332,1.3819759303576087,1.5937048684044801
2024-08-16,1.3994299554894822,1.3979624607393468,1.6271927199707532
2024-08-19,1.401225053769034,1.4001967445606187,1.628049149154907
2024-08-20,1.408402992081121,1.4064221699256223,1.6345082825835082
2024-08-21,1.4124656969597866,1.415952177770057,1.6437346040566985
2024-08-22,1.41481882124495,1.420994896328652,1.6457781024821119
2024-08-23,1.4154830020986113,1.4195705939994383,1.6457302157077962
2024-08-26,1.4261317064117338,1.4239817607425476,1.657387231339898
2024-08-27,1.4265393712230896,1.4237678911264413,1.65147731035092
2024-08-28,1.428510915647557,1.4258975064877786,1.657412269348881
2024-08-29,1.4341789289121136,1.4270721120124805,1.6669230726510862
2024-08-30,1.4389579029743422,1.4351424845547007,1.668468824869764
2024-09-02,1.4413962367305653,1.435120954183743,1.6699212671641412
2024-09-03,1.4414618307302494,1.4372954191643805,1.6681452379766046
2024-09-04,1.436827177233959,1.440075267190827,1.669262261004086
2024-09-05,1.4337676780967985,1.439860624714526,1.6707649317013353
2024-09-06,1.4169657168723482,1.4251067573319516,1.6579708750599935
2024-09-09,1.4217611758168958,1.4390624282203508,1.664257334376406
2024-09-10,1.4277181565431014,1.4465265915313172,1.6807298533261668
2024-09-11,1.4207080635575857,1.4446630322787015,1.6791883307489024
2024-09-12,1.447280453595572,1.4616340194917241,1.6994852921996713
2024-09-13,1.4454323074364461,1.4604122745366863,1.69942638650536
2024-09-16,1.446984843506506,1.4587417479110674,1.6945966259557697
2024-09-17,1.4489672817076593,1.4583936501326793,1.6946197094581903
2024-09-18,1.4466282175029757,1.455551777249788,1.6677522780468446
2024-09-19,1.448806988467165,1.4588805067352375,1.6666465393216499
2024-09-20,1.4700357289070733,1.4740022971382931,1.6794802491579066
2024-09-23,1.4784530953569277,1.4828263027303072,1.6834053213172557
2024-09-24,1.4785300173024523,1.4789212882436804,1.683814321564029
2024-09-25,1.4821591308286313,1.4793573988039403,1.679156160083313
2024-09-26,1.4941878789214902,1.4866436447917197,1.687262758103653
2024-09-27,1.4920717718791274,1.4850331437385316,1.6930792738182792
2024-09-30,1.4709430032889053,1.4697653940396058,1.6798108776790723
2024-10-01,1.470147831779923,1.4690557628225103,1.686072649526571
2024-10-03,1.4386510256620368,1.4492004634390134,1.66586986542792
2024-10-04,1.4251702011125544,1.4353855561938433,1.6560979943051413
2024-10-07,1.412646701427919,1.4210659962882273,1.6538756838081994
2024-10-08,1.4249783085310765,1.4351193231520176,1.6669099663075522
2024-10-09,1.4231996942571874,1.4371015974555965,1.6724394734872081
2024-10-10,1.4241393744735302,1.4301162199971846,1.651585604151924
2024-10-11,1.4221897415527218,1.4326054565226218,1.661524821522049
2024-10-14,1.431485088214132,1.4428001774192654,1.6733972119392433
2024-10-15,1.4274575200982753,1.4429069629462943,1.6707193488318322
2024-10-16,1.4225470870975712,1.4383216743510738,1.6599745361127474
2024-10-17,1.4098753447878265,1.4212692041534953,1.6523531712242703
2024-10-18,1.4157987047681375,1.4283235713866176,1.6438204968563284
2024-10-21,1.4116369666366197,1.4163568793244732,1.6243105607649782
2024-10-22,1.393924348876087,1.401658214329065,1.6106198555120184
2024-10-23,1.3918380843037876,1.394889090279658,1.6156827110165823
2024-10-24,1.3897803419962707,1.3862325722490585,1.6015438350963067
2024-10-25,1.37727288080638,1.383622553135232,1.6050080199172923
2024-10-28,1.3862626424081772,1.39631408837138,1.6168979991894128
2024-10-29,1.3935168759197694,1.4002305760444134,1.6081611595840795
2024-10-30,1.386321965312097,1.3952070787972324,1.6030279287887161
2024-10-31,1.37858306434211,1.389801082409267,1.5870649270844635
2024-11-01,1.3842099766935334,1.3975795509340705,1.5911064647608855
2024-11-04,1.366498615123361,1.3887194104350704,1.582281440277726
2024-11-05,1.3788545720439618,1.4028338583354811,1.5929705647141148
2024-11-06,1.3941871809109965,1.4279510839191725,1.620925838185094
2024-11-07,1.377880544727284,1.4145675357389684,1.603712746894659
2024-11-08,1.3749650234195183,1.4145355455155504,1.6042033694474715
2024-11-11,1.3745721798264694,1.4219277925655747,1.6095734922246696
2024-11-12,1.35981149954203,1.4062418331146265,1.597682418378692
2024-11-13,1.3412151945110844,1.3834281674610096,1.5751288072780212
2024-11-14,1.3397141621768394,1.387513799614912,1.5749671511628676
2024-11-18,1.3352149356569483,1.3809465225676285,1.5595168517210485
2024-11-19,1.3388931637358426,1.3933880181696552,1.5718885187168474
2024-11-21,1.329260326419148,1.3890579706812052,1.5711244800228337
2024-11-22,1.3606163041380068,1.419086827783324,1.6012532855170545
2024-11-25,1.3784069589744026,1.43526334569123,1.6210398438560518
2024-11-26,1.3768467895754555,1.4340595652552046,1.6213670720468965
2024-11-27,1.3814145837034124,1.4364647547705969,1.6183963366855465
2024-11-28,1.3607312702628362,1.4134208753512338,1.5988066760645412
2024-11-29,1.3730201684356573,1.4214498248207488,1.6117013610023088
2024-12-02,1.381242981621817,1.4309778924888301,1.6333267403196838
2024-12-03,1.3915088254360979,1.441669631584628,1.6437747220867718
2024-12-04,1.3920946620317445,1.445560235601224,1.6637018076270707
2024-12-05,1.4057367049117215,1.4610038821389524,1.676515516250298
2024-12-06,1.4039947203679333,1.4637399780264477,1.6741200590780436
2024-12-09,1.4006453741924254,1.4602888941222212,1.6760597921267912
2024-12-10,1.4001361349613626,1.4656481044744087,1.690357247961659
2024-12-11,1.4019413190116128,1.467311025583213,1.6912990410888833
2024-12-12,1.3966344779269606,1.4655365631702832,1.691476457768777
2024-12-13,1.4090725881410862,1.4743547418323653,1.6964838228212369
2024-12-16,1.403369156023338,1.4710218908218455,1.7094806950594388
2024-12-17,1.384339110797074,1.453816584861446,1.697948708157483
2024-12-18,1.376515324107773,1.4449353908126343,1.6892198058470356
2024-12-19,1.3623842582690326,1.4300583776890172,1.6713192603406097
2024-12-20,1.3415093172459032,1.3994852506018927,1.6253432637541176
2024-12-23,1.3509144237625643,1.4047395301984293,1.6398690190185095
2024-12-24,1.3494463864699688,1.404905661844252,1.63651724383446
2024-12-26,1.3507281815458028,1.4082031003215612,1.6370628585738907
2024-12-27,1.354317802806687,1.4146577085229937,1.636277015684206
2024-12-30,1.344700791454551,1.4072383504685377,1.6270973109704232
2024-12-31,1.3446951265929814,1.4009293657624187,1.6137178242662007
2025-01-01,1.3502625734969487,1.4031459788310565,1.61736134693517
2025-01-02,1.3753774251705724,1.4421565525591846,1.6372617695214546
2025-01-03,1.3648808147901832,1.4293279297657075,1.616193214723286
2025-01-06,1.3425989597932428,1.4081992487465251,1.5997362931509238
2025-01-07,1.347810584849696,1.4075994532058709,1.6026389105840335
2025-01-08,1.3467327667406814,1.4047004727794676,1.5968666314795448
2025-01-09,1.3374656072530777,1.3947906801707852,1.5837644004752451
2025-01-10,1.3320539881025544,1.3974575898961932,1.581974602553555
2025-01-13,1.3122635322294578,1.3713274541394702,1.555785707321526
2025-01-14,1.3173751635540143,1.3770922128383165,1.5590522780046012
2025-01-15,1.3194850678697074,1.3784903887443696,1.557940852236148
2025-01-16,1.3250779097472247,1.3841711113341741,1.5594868641202009
2025-01-17,1.3188904092456248,1.3632650526095316,1.5411231480377552
2025-01-20,1.3269118386069199,1.3701353810766779,1.5543887233312133
2025-01-21,1.3085915366462344,1.3499857755370253,1.5329792100665836
2025-01-22,1.3159987409842926,1.360355890222803,1.5489546747599439
2025-01-23,1.318837350568274,1.372077535701765,1.5638376404974488
2025-01-24,1.3123909074074909,1.3646844161516318,1.5524236975684518
2025-01-27,1.2973553446830617,1.3421318657107806,1.5175622302098468
2025-01-28,1.3046147555595424,1.3529173215459105,1.5111240703158795
2025-01-29,1.3162606439111784,1.3737926195143715,1.5360218545538855
2025-01-30,1.321161277192899,1.3680732721491669,1.5378363371011803
2025-01-31,1.3357920738522169,1.3750972557647039,1.5408997446180333
2025-02-01,1.3342996654848727,1.3750972557647039,1.5408997446180333
2025-02-03,1.3274007548976678,1.3757984860893189,1.5429868959970525
2025-02-04,1.3487183562680114,1.3913100213792198,1.5639550784903646
2025-02-05,1.3462760354942191,1.3886096404671446,1.5658193072989772
2025-02-06,1.3409847449573653,1.3874634015390184,1.562969353449387
2025-02-07,1.3385167548198198,1.3807619369583024,1.5630416900776913
2025-02-10,1.3283455911054876,1.368322181006875,1.5494590223114955
2025-02-11,1.310627791974542,1.3452544432992533,1.5235995200857053
2025-02-12,1.3091186670387482,1.3432102082366937,1.5177666030297412
2025-02-13,1.308331683499089,1.3445742213031504,1.5100283038090414
2025-02-14,1.3025159776088147,1.3276557959551372,1.5010789363262131
2025-02-17,1.3042332226429416,1.3330637705727313,1.4971408537049347
2025-02-18,1.3034263748577526,1.3253400298416258,1.4970978124451348
2025-02-19,1.3027217702228753,1.3254976365580704,1.495216098518535
2025-02-20,1.3015993722795391,1.3224702878598744,1.4981680506371928
2025-02-21,1.2949217949280403,1.3087146317697798,1.4775942992451194
2025-02-24,1.2810698662622972,1.3074274498577507,1.461816711373164
2025-02-25,1.2807404402886617,1.3054165754072233,1.459953403506245
2025-02-27,1.280598428029752,1.3022808710034375,1.4515968322723602
2025-02-28,1.2564963258140576,1.2736392027328831,1.401964174350055
2025-03-03,1.2561897026824442,1.275785226945365,1.4067785088265634
2025-03-04,1.2541065433361867,1.2675020080116124,1.4084252190407929
2025-03-05,1.268485767597157,1.2894155720301501,1.4366015090203448
2025-03-06,1.2802091238993443,1.2948126876712174,1.456052173617523
2025-03-07,1.280652017542515,1.2909925572164649,1.4557632731779746
2025-03-10,1.2754057196633934,1.2811924230039595,1.4458567865649739
2025-03-11,1.277539024234504,1.273739884146389,1.446562985888933
2025-03-12,1.2759821499703172,1.2650522356649714,1.4484396510821322
2025-03-13,1.2718129782368097,1.2582091371110122,1.4434005217232158
2025-03-17,1.2781316075326379,1.2647358749524942,1.4574494885334022
2025-03-18,1.2964851980451841,1.2885335198623098,1.485084025909564
2025-03-19,1.3006402911317243,1.2889390401252372,1.4976810729712262
2025-03-20,1.3166127793374784,1.303457617480224,1.5115947115952633
2025-03-21,1.3256512395349884,1.311012168285894,1.5208395314951022
2025-03-24,1.3430198827499318,1.3302429336209303,1.5385045379216251
2025-03-25,1.3436045027023924,1.3311251309395873,1.524881493942707
2025-03-26,1.3332443301440904,1.3234101518895314,1.5146639108423001
2025-03-27,1.3391970602292125,1.3244418199528616,1.5196787597930175
2025-03-28,1.3350695892050946,1.3119297098309186,1.5095207228088134
2025-04-01,1.314842260534369,1.2935229785241125,1.4938183554734614
2025-04-02,1.324267168463714,1.3050409833247345,1.5049741292755645
2025-04-03,1.3195906823782655,1.283449391241964,1.5046872158657778
2025-04-04,1.2998255422664882,1.255350289717859,1.45068473609978
2025-04-07,1.256970116186098,1.2150237407727154,1.3876347451233886
2025-04-08,1.278019731672232,1.2338909571878471,1.4072215767590621
2025-04-09,1.2702438403707856,1.2226306988613416,1.393140037689188
2025-04-11,1.29436443799936,1.2397371369682078,1.4311108975020028
2025-04-15,1.322408119829888,1.2712339768093774,1.4689837812589894
2025-04-16,1.3285526950567017,1.2756149968125245,1.4824387185259833
2025-04-17,1.351840820043794,1.29022378376279,1.499498985584207
2025-04-21,1.3672762244591856,1.316921247821444,1.5313986753213324
2025-04-22,1.3696374196527774,1.3186909995259781,1.533658590662593
2025-04-23,1.3787709239280619,1.345506019627982,1.5386117525686862
2025-04-24,1.3741017524185044,1.3416343099348678,1.5375677375101837
2025-04-25,1.3623003638247588,1.3329582737650083,1.5101968897880966
2025-04-28,1.3785886370552556,1.3453541839810812,1.532795802731207
2025-04-29,1.37901068676788,1.349430181221586,1.526041043313262
2025-04-30,1.3789115184365575,1.345568772647206,1.5157822335478488
2025-05-02,1.37961965632688,1.3465703883613267,1.5120623620740283
2025-05-05,1.3860899014651948,1.3544497459621418,1.5200987053262136
2025-05-06,1.3814611101630179,1.3483196283581729,1.4835748829928939
2025-05-07,1.3834316776119637,1.3591433278419476,1.496186963555018
2025-05-08,1.3754416311747748,1.3494327467458944,1.4739042551432298
2025-05-09,1.3602973263787284,1.3405613949308535,1.452179766990198
2025-05-12,1.4112705784856194,1.399187201255159,1.5158157319593153
2025-05-13,1.3915222599034534,1.3793343686403352,1.5054067989945923
2025-05-14,1.3965266213818652,1.38801317507895,1.5196624739455717
2025-05-15,1.4187236431941976,1.4068097424938193,1.5390444537217152
2025-05-16,1.4163271541895275,1.4057631273059743,1.551678274300323
2025-05-19,1.4121119760546,1.4021183127677628,1.5642442082058203
2025-05-20,1.3972280553617789,1.3848412907431236,1.5495144251304074
2025-05-21,1.4045419690134013,1.3929693694487855,1.5632762165288667
2025-05-22,1.3929612803489324,1.3810100716930465,1.5553596450416183
2025-05-23,1.4066734217716101,1.3902777909217323,1.565112547006185
2025-05-26,1.4150252901055778,1.4013021093100633,1.5742827438689488
2025-05-27,1.4050885243732694,1.3926470463545257,1.5734608535676446
2025-05-28,1.4009082831455986,1.3895876439579715,1.573404152165795
2025-05-29,1.4054936194887098,1.396556893590551,1.5820461320279278
2025-05-30,1.4007939027882514,1.3883274494892093,1.578851265088214
2025-06-02,1.3988626660481214,1.3863964174689372,1.5931053146302587
2025-06-03,1.3889744439834897,1.3796340181424176,1.5908384284156123
2025-06-04,1.3933648586976242,1.3830672748793549,1.5905820915573785
2025-06-05,1.4007422453372602,1.3853553650764814,1.601933524922651
2025-06-06,1.4149401419829666,1.401379654252629,1.6356170287754883
2025-06-09,1.4205962919871402,1.4104782168722403,1.643835776601622
2025-06-10,1.4206557547151173,1.4161827588445302,1.6379553894395784
2025-06-11,1.4227565505228528,1.421617707048102,1.6384593516108246
2025-06-12,1.4083552079374606,1.406569380020002,1.6129901553969905
2025-06-13,1.398725180222732,1.4003205098691285,1.6052932442226067
2025-06-16,1.4115620517838774,1.4119034528398045,1.6203221057926553
2025-06-17,1.4062842890696674,1.410508015982632,1.6119617969567654
2025-06-18,1.403942648428667,1.4092913699205007,1.6079839264543832
2025-06-19,1.40287843877894,1.405204852915313,1.5909672247708506
2025-06-20,1.4208217098102882,1.4196670911671667,1.6133057883256114
2025-06-23,1.412850111094903,1.4065962295675125,1.6110541398046514
2025-06-24,1.4169431791817741,1.412729881823861,1.6175224941084885
2025-06-25,1.4282361819156173,1.4262545674403833,1.623339761336984
2025-06-26,1.4453463994296616,1.4332001822800402,1.628883206304607
2025-06-27,1.4503612867150062,1.4339703570678553,1.628102342631592
2025-06-30,1.4435141766055388,1.4260092143373568,1.6231930318802867
2025-07-01,1.4449136197021184,1.4239685419293928,1.6219741095641678
2025-07-02,1.4399040872986226,1.4210954973814471,1.6075858568972323
2025-07-03,1.4371805083164606,1.4220290885982314,1.6022738493125617
2025-07-04,1.4403279698885083,1.4297698317135654,1.6115351686914385
2025-07-07,1.4403449849738659,1.4365822877721122,1.6115329366884161
2025-07-08,1.4438028688035147,1.4335920033987877,1.6207762597220745
2025-07-09,1.441175618796778,1.4379446266066411,1.6109774374639554
2025-07-10,1.434322924935267,1.430199013383499,1.6113692089799092
2025-07-11,1.4226562965895426,1.434131043603504,1.5977454436952592
2025-07-14,1.4188301086665738,1.4391568597884552,1.606698985663898
2025-07-15,1.425235978652963,1.4500690113810737,1.6147656270711677
2025-07-16,1.4261548865110643,1.452101755686597,1.6195978579567027
2025-07-17,1.420452834742977,1.452404712044898,1.6243187147727385
2025-07-18,1.4123380074169412,1.4429874163557974,1.6153654087734537
2025-07-21,1.4192389556251204,1.4449537648213602,1.6253948735014514
2025-07-22,1.4175524027329567,1.4365829789523712,1.6172512640524612
2025-07-23,1.4265177167224807,1.4402458463501302,1.6089285054271336
2025-07-24,1.417563961931753,1.436260321630411,1.5981863047957248
2025-07-25,1.4047743420335026,1.4298921929833908,1.575927350388183
2025-07-28,1.3959175265906014,1.4295340970966952,1.5465286990031046
2025-07-29,1.4038245634757665,1.438545806874717,1.5616721228751473
2025-07-30,1.405743451959801,1.4390952263791466,1.556182088971805
2025-07-31,1.4008312642540053,1.4379959069578896,1.537650030522483
2025-08-01,1.3893028219872683,1.4220746709086602,1.504724520203913
2025-08-04,1.398176264136247,1.4246554873991637,1.5282299785474227
2025-08-05,1.3940303975844175,1.415038569962921,1.5263352357019706
2025-08-06,1.3897624395080597,1.4015141183506103,1.5111312688641927
2025-08-07,1.3910033058612215,1.4064954762993456,1.5167855846208296
2025-08-08,1.3777720701846654,1.3925819119379708,1.4940605974505
2025-08-11,1.3902555568376274,1.404647653000418,1.5065977320225465
2025-08-12,1.3847225470064615,1.4015687743899778,1.5147528419576752
2025-08-13,1.3921640290018422,1.4105532315420728,1.5353433758703987
2025-08-14,1.3928396745733584,1.4093414098220582,1.528607706129196
2025-08-18,1.4066616819192908,1.4179756030689523,1.5586127048011016
2025-08-19,1.4125132542511707,1.42243940901868,1.5674922100607134
2025-08-20,1.4164602029618119,1.425478759446481,1.5676609407983577
2025-08-21,1.4183361792203732,1.4274092312863544,1.5704782865632072
2025-08-22,1.4062037838668116,1.4192743881191836,1.5649841544756893
2025-08-25,1.4117143155447767,1.4207874336497581,1.5726016185934515
2025-08-26,1.3971821544054193,1.4111507404540449,1.5528815241702654
2025-08-28,1.3851927345082624,1.3969434346605305,1.5418896423772275
2025-08-29,1.38099983037957,1.3998320385155183,1.53103827817521
2025-09-01,1.3921601431180561,1.4025757079014771,1.5448493251682038
2025-09-02,1.3895882184143267,1.4035697217555847,1.5477021145291223
2025-09-03,1.3972248209596194,1.4135721045163772,1.558664819292552
2025-09-04,1.3983126645131654,1.4138056232765301,1.5632501447482814
2025-09-05,1.3986913424526541,1.407599420319526,1.5625005592954788
2025-09-08,1.4005077314642258,1.4059410887867696,1.5768742594125578
2025-09-09,1.4058934212740117,1.4129057863243812,1.5842729927769945
2025-09-10,1.41178872902242,1.420144550875377,1.5824676200143128
2025-09-11,1.4136192129921967,1.4243423978312053,1.5840923371426732
2025-09-12,1.4197397019919031,1.424676424672122,1.5855234437194095
2025-09-15,1.4172047713494256,1.4222691294043954,1.5799981610158342
2025-09-16,1.426777130791984,1.4246297999966862,1.5876717257899744
2025-09-17,1.4319206192748108,1.4264479663500182,1.5892731219803982
2025-09-18,1.4371879785873967,1.4372130629641373,1.59970951200901
2025-09-19,1.4317197143796188,1.4351569975634602,1.5978506569086004
2025-09-22,1.4246530368706527,1.424569646398806,1.586459454302926
2025-09-23,1.4227948838445699,1.4188923197426817,1.581243959048819
2025-09-24,1.4164155130241545,1.4138872597283356,1.5732662826376844
2025-09-25,1.4069977607129256,1.4059985343221977,1.5610131605678645
2025-09-26,1.393585230433226,1.3886063966029774,1.5419331513244308
2025-09-29,1.3924656694646849,1.3893571381163012,1.5411577912949341
2025-09-30,1.391119701330115,1.3828480043584843,1.5374219579211719
2025-10-01,1.4037911036913684,1.3961431310506005,1.5482462998839865
2025-10-03,1.4070626795451904,1.3985083123835895,1.5578883624077196
2025-10-06,1.4173907639956578,1.4151150805480726,1.554191592186878
2025-10-07,1.4191220686724355,1.417405620542242,1.5514209571953745
2025-10-08,1.4156049716253363,1.4153398136814228,1.5398454533721762
2025-10-09,1.423251225544134,1.42322537713792,1.5541452518710974
2025-10-10,1.4290917060232415,1.4288683451711734,1.5544438777978142
2025-10-13,1.4258098637674048,1.4248492711990277,1.5471007134237413
2025-10-14,1.4211763326488023,1.4211827654675142,1.5384133952446273
2025-10-15,1.4312039674949744,1.4274381012656563,1.549862012667226
2025-10-16,1.445921287886567,1.440380278505896,1.5702134597367388
2025-10-17,1.4529429324086927,1.4380804810970127,1.5762850741963002
2025-10-20,1.4604567088965523,1.4446360101517204,1.5748891183169451
2025-10-21,1.4618941959380949,1.4453035842396806,1.5779595899366732
2025-10-23,1.46318215312234,1.4562100014928567,1.5797278053235155
2025-10-24,1.4577327105536881,1.449826741265503,1.5790453100602562
2025-10-27,1.4673587620862651,1.4579550565975508,1.5888538632574214
2025-10-28,1.4656708600540294,1.453101791460521,1.590097522219179
2025-10-29,1.47230718019317,1.4540448356100597,1.5999331359624898
2025-10-30,1.462324777433213,1.4464712559724953,1.5926035859888827
2025-10-31,1.4534969479790325,1.438500272859783,1.5819465878846575
2025-11-03,1.4558260239740184,1.4475050232527493,1.596204084025656
2025-11-04,1.4464325124874364,1.4387061369262721,1.579691704046934
2025-11-06,1.4414541459288825,1.4349298899394167,1.5610073580307318
2025-11-07,1.4404706923058919,1.438605475294387,1.571161524664332
2025-11-10,1.4450995071214037,1.4450662834410684,1.574373159852058
2025-11-11,1.4518980692820376,1.4516549271054382,1.5828364340976029
2025-11-12,1.4620813266839956,1.4635746390699527,1.5859068059610766
2025-11-13,1.4622705801260265,1.4646646520305509,1.5884602214313381
2025-11-14,1.464015528357118,1.4661215673134098,1.5805521773176667
2025-11-17,1.469846303177935,1.474980738882301,1.5874377096364582
2025-11-18,1.4639923059702287,1.469258291363927,1.5695377138935687
2025-11-19,1.4720275023831704,1.4733704356485813,1.5689874925464171
2025-11-20,1.4798885075559933,1.4757293165253518,1.570649292305294
2025-11-21,1.4728657190695995,1.469129423924308,1.5480710754338172
2025-11-24,1.4667140798106644,1.465233271371868,1.5291856121774359
2025-11-25,1.4624874832491055,1.466111046713674,1.5390013462824121
2025-11-26,1.4804844976267797,1.483430621034375,1.5610861842259158
2025-11-27,1.4810634644249814,1.4835211118334153,1.5552357608071226
2025-11-28,1.4803513603329923,1.4866401744324664,1.555288986485794
