,BANK,IT,AUTO,PHARMA,FMCG,METAL,REALTY,ENERGY
2021-11-30,-0.0019911733,-0.007452882,-0.003297383,-0.0019911733,-0.0019911733,-0.0019911733,-0.0019911733,-0.0019911733
2021-12-31,-0.0010415306,-0.00672435,-0.00239011,-0.0010415306,-0.0010415306,-0.0010415306,-0.0010415306,-0.0010415306
2022-01-31,-0.00776856,-0.0030456595,-0.0069551235,-0.00776856,-0.00776856,-0.00776856,-0.00776856,-0.00776856
2022-02-28,-0.004119778,-0.004762304,-0.004200252,-0.004119778,-0.004119778,-0.004119778,-0.004119778,-0.004119778
2022-03-31,-0.0018063625,0.003345712,-0.0005771844,-0.0018063625,-0.0018063625,-0.0018063625,-0.0018063625,-0.0018063625
2022-04-29,-0.0070392108,0.0032238932,-0.0049851816,-0.0070392108,-0.0070392108,-0.0070392108,-0.0070392108,-0.0070392108
2022-05-31,-0.0014770953,-0.003755983,-0.0021583121,-0.0014770953,-0.0014770953,-0.0014770953,-0.0014770953,-0.0014770953
2022-06-30,-0.0037723975,-0.0039036954,-0.0039605508,-0.0037723975,-0.0037723975,-0.0037723975,-0.0037723975,-0.0037723975
2022-07-29,0.0014063967,0.0011924049,0.0013213847,0.0014063967,0.0014063967,0.0014063967,0.0014063967,0.0014063967
2022-08-30,-0.006586682,-0.0028429152,-0.0058123246,-0.006586682,-0.006586682,-0.006586682,-0.006586682,-0.006586682
2022-09-30,-0.00561054,-0.0011396809,-0.0045556547,-0.00561054,-0.00561054,-0.00561054,-0.00561054,-0.00561054
2022-10-31,-0.00051040575,-0.000734915,-0.00043618307,-0.00051040575,-0.00051040575,-0.00051040575,-0.00051040575,-0.00051040575
2022-11-30,0.0064561414,0.0029237084,0.005859143,0.0064561414,0.0064561414,0.0064561414,0.0064561414,0.0064561414
2022-12-30,-0.0018111421,-0.004166914,-0.0023378236,-0.0018111421,-0.0018111421,-0.0018111421,-0.0018111421,-0.0018111421
2023-01-31,-0.003916486,-0.013840944,-0.0061245374,-0.003916486,-0.003916486,-0.003916486,-0.003916486,-0.003916486
2023-02-28,0.0059752325,-0.00069746,0.0044702077,0.0059752325,0.0059752325,0.0059752325,0.0059752325,0.0059752325
2023-03-31,-0.0046863807,-0.0012183059,-0.004001951,-0.0046863807,-0.0046863807,-0.0046863807,-0.0046863807,-0.0046863807
2023-04-28,-0.002605726,0.00018021744,-0.0021077516,-0.002605726,-0.002605726,-0.002605726,-0.002605726,-0.002605726
2023-05-31,-0.009301629,-0.0074135093,-0.008979414,-0.009301629,-0.009301629,-0.009301629,-0.009301629,-0.009301629
2023-06-30,-0.0061852504,0.0004015481,-0.0048016002,-0.0061852504,-0.0061852504,-0.0061852504,-0.0061852504,-0.0061852504
2023-07-31,-0.00716676,-0.006207972,-0.0069159092,-0.00716676,-0.00716676,-0.00716676,-0.00716676,-0.00716676
2023-08-31,-0.0026829317,-0.010316949,-0.0043511502,-0.0026829317,-0.0026829317,-0.0026829317,-0.0026829317,-0.0026829317
2023-09-29,-0.0040121963,-0.008845214,-0.005026346,-0.0040121963,-0.0040121963,-0.0040121963,-0.0040121963,-0.0040121963
2023-10-31,0.00039492827,0.0011084853,0.00054891035,0.00039492827,0.00039492827,0.00039492827,0.00039492827,0.00039492827
2023-11-30,-0.0053671678,-0.0072483458,-0.0058077555,-0.0053671678,-0.0053671678,-0.0053671678,-0.0053671678,-0.0053671678
2023-12-29,-0.0018279534,-0.0021730838,-0.0018715421,-0.0018279534,-0.0018279534,-0.0018279534,-0.0018279534,-0.0018279534
2024-01-31,-0.0027769702,-0.0076858867,-0.0038737506,-0.0027769702,-0.0027769702,-0.0027769702,-0.0027769702,-0.0027769702
2024-02-29,-0.001726116,-0.0079758335,-0.00315277,-0.001726116,-0.001726116,-0.001726116,-0.001726116,-0.001726116
2024-03-28,0.003919135,0.0051310593,0.003954484,0.003919135,0.003919135,0.003919135,0.003919135,0.003919135
2024-04-30,0.00037234835,0.0073368913,0.0017005596,0.00037234835,0.00037234835,0.00037234835,0.00037234835,0.00037234835
2024-05-31,-0.0044215424,-0.0005009668,-0.003774614,-0.0044215424,-0.0044215424,-0.0044215424,-0.0044215424,-0.0044215424
2024-06-28,0.002861824,0.0030231066,0.002898573,0.002861824,0.002861824,0.002861824,0.002861824,0.002861824
2024-07-31,0.0045907376,-0.006773323,0.0022881022,0.0045907376,0.0045907376,0.0045907376,0.0045907376,0.0045907376
2024-08-30,-0.000573772,-0.0068092346,-0.001807237,-0.000573772,-0.000573772,-0.000573772,-0.000573772,-0.000573772
2024-09-30,0.0018670848,0.0017662495,0.0018536402,0.0018670848,0.0018670848,0.0018670848,0.0018670848,0.0018670848
2024-10-31,-0.0015612682,0.00032280013,-0.001009481,-0.0015612682,-0.0015612682,-0.0015612682,-0.0015612682,-0.0015612682
2024-11-29,-0.00652848,-0.0035636043,-0.00591854,-0.00652848,-0.00652848,-0.00652848,-0.00652848,-0.00652848
2024-12-31,3.78415e-05,0.001223214,0.0002851244,3.78415e-05,3.78415e-05,3.78415e-05,3.78415e-05,3.78415e-05
2025-01-31,-0.00040461775,-0.0046447227,-0.0014793035,-0.00040461775,-0.00040461775,-0.00040461775,-0.00040461775,-0.00040461775
2025-02-28,0.0014032787,0.0053727655,0.0021462422,0.0014032787,0.0014032787,0.0014032787,0.0014032787,0.0014032787
2025-03-28,-0.0013124859,0.008501654,0.00072446745,-0.0013124859,-0.0013124859,-0.0013124859,-0.0013124859,-0.0013124859
2025-04-30,-0.0056851897,0.0013076095,-0.004292451,-0.0056851897,-0.0056851897,-0.0056851897,-0.0056851897,-0.0056851897
2025-05-30,-0.009858729,-0.008180055,-0.009580874,-0.009858729,-0.009858729,-0.009858729,-0.009858729,-0.009858729
2025-06-30,-0.0038012294,-0.0056908755,-0.004182172,-0.0038012294,-0.0038012294,-0.0038012294,-0.0038012294,-0.0038012294
2025-07-31,-0.005804316,-0.005839697,-0.0059388047,-0.005804316,-0.005804316,-0.005804316,-0.005804316,-0.005804316
2025-08-29,-0.005153694,-0.011211956,-0.006552507,-0.005153694,-0.005153694,-0.005153694,-0.005153694,-0.005153694
2025-09-30,-0.003531904,-0.0016771229,-0.0032307068,-0.003531904,-0.003531904,-0.003531904,-0.003531904,-0.003531904
2025-10-31,-0.0028011845,-0.003050345,-0.0027478132,-0.0028011845,-0.0028011845,-0.0028011845,-0.0028011845,-0.0028011845
2025-11-28,0.0023633307,-0.00065274816,0.0017801197,0.0023633307,0.0023633307,0.0023633307,0.0023633307,0.0023633307
